﻿<?xml version="1.0" encoding="utf-8" ?>
<menu  xmlns:android="http://schemas.android.com/apk/res/android">
  <group android:checkableBehavior="single">
     <item  android:id="@+id/nav_profile"
      android:icon="@drawable/ic_home_black_24dp"
      android:title="Профиль" />
    <item  android:id="@+id/nav_messages"
      android:icon="@drawable/ic_home_black_24dp"
      android:title="Уведомления" />
    <item android:id="@+id/nav_brs"
            android:icon="@drawable/ic_question_answer_black_24dp"
      android:title="Успеваемость"/>
    <item android:id="@+id/nav_schedules"
           android:icon="@drawable/ic_supervisor_account_black_24dp"
      android:title="Расписание"/>
  </group>
  
  <item android:title="Дополнительно">
    <menu>
      <item android:id="@+id/nav_information"
          android:icon="@drawable/ic_devices_black_24dp"
     android:title="Информация"/>
    </menu>
  </item>
  
</menu>